<?xml version="1.0" encoding="utf-8"?>
<templates>
    <t t-name="qc_dashboard.UserKPIDashboard" owl="1">
        <div class="qc-dashboard-container bg-gray-50" style="overflow-y-auto height: 100vh; width: 100vw; position: relative; overflow: hidden;">
            <!-- Container principal avec hauteur flexible -->
            <div class="flex flex-col vh-100 overflow-y-auto">
                <!-- Header fixe -->
                <div class="flex-shrink-0 p-6 bg-white shadow-sm border-b">
                    <div class="flex flex-col sm:flex-row sm:justify-between sm:items-center gap-4">
                        <h1 class="text-3xl font-bold text-gray-900">Dashboard Analytics Utilisateurs</h1>
                        <div class="flex flex-col">
                            <label class="block text-sm font-medium text-gray-700 mb-2">Filtre utilisateurs</label>
                            <select t-on-change="onFilterChange" t-model="state.currentFilter" class="block w-full sm:w-64 px-3 py-2 border border-gray-300 rounded-md shadow-sm focus:outline-none focus:ring-blue-500 focus:border-blue-500 sm:text-sm bg-white">
                                <option value="all">Tous les utilisateurs</option>
                                <option value="active">Utilisateurs actifs</option>
                                <option value="inactive">Utilisateurs inactifs</option>
                            </select>
                        </div>
                    </div>
                </div>

                <!-- Contenu scrollable -->
                <div class="flex-1 overflow-y-auto">
                    <div class="p-6 space-y-6" style="padding-bottom: 60px;">

                        <!-- Message d'erreur -->
                        <div t-if="state.error" class="bg-red-100 border border-red-400 text-red-700 px-4 py-3 rounded mb-4">
                            <span t-esc="state.error"/>
                        </div>

                        <!-- Loading spinner -->
                        <div t-if="state.loading" class="flex justify-center items-center py-8">
                            <div class="animate-spin rounded-full h-12 w-12 border-b-2 border-blue-500"></div>
                        </div>

                        <!-- KPI Cards dynamiques -->
                        <div t-if="!state.loading" class="grid grid-cols-1 md:grid-cols-3 gap-6">

                            <!-- KPI Card Principal -->
                            <KpiCard t-props="{
                                title: state.kpiData.title,
                                value: state.kpiData.value,
                                description: state.kpiData.description,
                                color: 'blue'
                            }"/>

                            <!-- KPI Card Utilisateurs Actifs -->
                            <KpiCard t-props="{
                                title: 'Utilisateurs Actifs',
                                value: state.activeUsers,
                                description: 'Currently active',
                                color: 'green',
                                badge: state.activeUsers + '/' + state.kpiData.value
                            }"/>

                            <!-- KPI Card Nouveaux Utilisateurs -->
                            <KpiCard t-props="{
                                title: 'Nouveaux Utilisateurs',
                                value: state.newUsers,
                                description: 'Last 30 days',
                                color: 'purple'
                            }"/>

                        </div>

                        <!-- Statistiques détaillées -->
                        <div t-if="!state.loading" class="grid grid-cols-1 sm:grid-cols-2 lg:grid-cols-4 gap-4">
                            <div class="bg-white rounded-lg shadow p-4 text-center">
                                <div class="text-2xl font-bold text-gray-800" t-esc="state.kpiData.value"/>
                                <div class="text-sm text-gray-600">Total Utilisateurs</div>
                            </div>
                            <div class="bg-white rounded-lg shadow p-4 text-center">
                                <div class="text-2xl font-bold text-gray-800" t-esc="state.activeUsers"/>
                                <div class="text-sm text-gray-600">Actifs</div>
                            </div>
                            <div class="bg-white rounded-lg shadow p-4 text-center">
                                <div class="text-2xl font-bold text-gray-800" t-esc="state.kpiData.value - state.activeUsers"/>
                                <div class="text-sm text-gray-600">Inactifs</div>
                            </div>
                            <div class="bg-white rounded-lg shadow p-4 text-center">
                                <div class="text-2xl font-bold text-gray-800" t-esc="state.newUsers"/>
                                <div class="text-sm text-gray-600">Nouveaux (30j)</div>
                            </div>
                        </div>

                        <!-- Section graphique -->
                        <div t-if="!state.loading" class="bg-white rounded-lg shadow-lg p-6">
                            <h2 class="text-xl font-bold text-gray-900 mb-4">Graphique Analytics</h2>
                            <div t-if="state.error" class="flex flex-col justify-center items-center h-64 text-red-500 bg-red-50 rounded-lg">
                                <p class="text-lg font-medium">Erreur de chargement</p>
                                <p class="text-sm mt-2" t-esc="state.error"/>
                            </div>
                            <div t-else="" id="plotly-chart" t-ref="plotly-chart" class="h-96"></div>
                        </div>

                        <!-- Résumé des données -->
                        <div t-if="!state.loading and state.rawData" class="bg-gradient-to-r from-blue-50 to-indigo-50 rounded-lg p-6">
                            <h3 class="text-lg font-semibold text-gray-900 mb-4">Résumé des Analytics</h3>
                            <div class="grid grid-cols-1 md:grid-cols-2 gap-4 text-sm">
                                <div>
                                    <span class="font-medium text-gray-700">Total utilisateurs:</span>
                                    <span class="ml-2 text-gray-900" t-esc="state.kpiData.value"/>
                                </div>
                                <div>
                                    <span class="font-medium text-gray-700">Pourcentage actifs:</span>
                                    <span class="ml-2 text-green-600 font-semibold" t-esc="Math.round((state.activeUsers / state.kpiData.value) * 100) + '%'"/>
                                </div>
                                <div>
                                    <span class="font-medium text-gray-700">Utilisateurs inactifs:</span>
                                    <span class="ml-2 text-red-600" t-esc="state.kpiData.value - state.activeUsers"/>
                                </div>
                                <div>
                                    <span class="font-medium text-gray-700">Nouveaux (30j):</span>
                                    <span class="ml-2 text-purple-600" t-esc="Math.round((state.newUsers / state.kpiData.value) * 100) + '%'"/>
                                </div>
                            </div>
                        </div>

                    </div>
                </div>
            </div>
        </div>
    </t>
</templates>