<?xml version="1.0" encoding="UTF-8"?>
<templates xml:space="preserve">
    <t t-name="qc_dashboard.UserKPICard">
        <div class="max-w-sm rounded-lg shadow-lg p-6 bg-white dark:bg-gray-800 m-4">
            <h2 class="text-xl font-bold text-gray-900 dark:text-white mb-2">
                <t t-esc="state.kpiData.title"/>
            </h2>
            <p class="text-3xl font-semibold text-blue-600 dark:text-blue-400">
                <t t-esc="state.kpiData.value"/>
            </p>
            <p class="text-gray-600 dark:text-gray-300 mt-2">
                <t t-esc="state.kpiData.description"/>
            </p>
        </div>
    </t>
</templates>