<?xml version="1.0" encoding="utf-8"?>
<templates>
    <t t-name="qc_dashboard.KPICard" owl="1">
        <div t-attf-class="bg-white rounded-lg shadow-lg p-6 border-l-4 border-#{props.color or 'blue'}-500">
            <div class="flex items-center justify-between">
                <div>
                    <h2 class="text-lg font-semibold text-gray-900 mb-1" t-esc="props.title"/>
                    <p t-attf-class="text-3xl font-bold text-#{props.color or 'blue'}-600" t-esc="formattedValue"/>
                </div>
                <div t-attf-class="text-#{props.color or 'blue'}-500">
                    <svg class="w-8 h-8" fill="none" stroke="currentColor" viewBox="0 0 24 24">
                        <path stroke-linecap="round" stroke-linejoin="round" stroke-width="2" d="M12 4.354a4 4 0 110 5.292M15 21H3v-1a6 6 0 0112 0v1zm0 0h6v-1a6 6 0 00-9-5.197m13.5-9a2.5 2.5 0 11-5 0 2.5 2.5 0 015 0z"/>
                    </svg>
                </div>
            </div>
            <p t-if="props.description" class="text-gray-600 text-sm mt-2" t-esc="props.description"/>
            <div t-if="props.badge" class="text-xs text-gray-500 mt-2 flex items-center">
                <span t-attf-class="bg-#{props.color or 'blue'}-100 text-#{props.color or 'blue'}-800 px-2 py-1 rounded-full" t-esc="props.badge"/>
            </div>
        </div>
    </t>
</templates>