
<templates>
    <t t-name="qc_dashboard.UserKPIDashboard" owl="1">
        <div class="vh-100 overflow-y-auto flex-1">
            <t t-if="state.isLoadingPage">
                <div class="flex justify-center items-center py-8">
                    <div class="animate-spin rounded-full h-12 w-12 border-b-2 border-blue-500"></div>
                </div>
            </t>
            <t t-else="">
            <header class="sticky top-0 z-10 p-6 bg-white shadow-sm border-b" style="height: 75px;">
                <div class="flex items-center gap-4 h-full">
                     <div class="flex-1 min-w-40 relative z-20 bg-transparent">
                          <!-- Filtre Annee -->
                <label for="year-filter" class="block text-sm font-medium text-gray-700 dark:text-gray-300 mb-1">Année</label>
                <select id="year-filter" class="h-11 w-full appearance-none rounded-lg border border-gray-300 bg-transparent bg-none px-4 py-2.5 pr-11 text-sm text-gray-800 placeholder:text-gray-400 focus:ring-3 focus:outline-hidden dark:border-gray-700 dark:bg-gray-900 dark:text-white/90 dark:placeholder:text-white/30" t-on-change="onYearChange">
                    <option value="" class="text-gray-700 dark:bg-gray-900 dark:text-gray-400">Toutes</option>
                    <t t-foreach="state.availableYears" t-as="year" t-key="year">
                        <option t-att-value="year" t-att-selected="state.selectedYear === year" class="text-gray-700 dark:bg-gray-900 dark:text-gray-400">
                            <t t-esc="year"/>
                        </option>
                    </t>
                </select>
                <span class="select-arrow">
                    <svg class="stroke-current" width="20" height="20" viewBox="0 0 20 20" fill="none" xmlns="http://www.w3.org/2000/svg">
                        <path d="M4.79175 7.396L10.0001 12.6043L15.2084 7.396" stroke="" stroke-width="1.5" stroke-linecap="round" stroke-linejoin="round"></path>
                    </svg>
                </span>
            </div>
                    <!-- Filtre Mois -->
                    <div class="flex-1 min-w-40 relative z-20 bg-transparent">
                <label for="month-filter" class="block text-sm font-medium text-gray-700 dark:text-gray-300 mb-1">Mois</label>
                <select id="month-filter" class="h-11 w-full appearance-none rounded-lg border border-gray-300 bg-transparent bg-none px-4 py-2.5 pr-11 text-sm text-gray-800 placeholder:text-gray-400 focus:ring-3 focus:outline-hidden dark:border-gray-700 dark:bg-gray-900 dark:text-white/90 dark:placeholder:text-white/30" t-on-change="onMonthChange">
                    <option value="" class="text-gray-700 dark:bg-gray-900 dark:text-gray-400">Tous</option>
                    <t t-foreach="state.monthsForYear" t-as="month" t-key="month">
                        <option t-att-value="month" t-att-selected="state.selectedMonth === month" class="text-gray-700 dark:bg-gray-900 dark:text-gray-400">
                            <t t-esc="month"/>
                        </option>
                    </t>
                </select>
                <span class="select-arrow">
                    <svg class="stroke-current" width="20" height="20" viewBox="0 0 20 20" fill="none" xmlns="http://www.w3.org/2000/svg">
                        <path d="M4.79175 7.396L10.0001 12.6043L15.2084 7.396" stroke="" stroke-width="1.5" stroke-linecap="round" stroke-linejoin="round"></path>
                    </svg>
                </span>
            </div>
                    <!-- Filtre Semaine -->
            <div class="flex-1 min-w-40 relative z-20 bg-transparent">
                <label for="week-filter" class="block text-sm font-medium text-gray-700 dark:text-gray-300 mb-1">Semaine</label>
                <select id="week-filter" class="h-11 w-full appearance-none rounded-lg border border-gray-300 bg-transparent bg-none px-4 py-2.5 pr-11 text-sm text-gray-800 placeholder:text-gray-400 focus:ring-3 focus:outline-hidden dark:border-gray-700 dark:bg-gray-900 dark:text-white/90 dark:placeholder:text-white/30" t-on-change="onWeekChange">
                    <option value="" class="text-gray-700 dark:bg-gray-900 dark:text-gray-400">Toutes</option>
                    <t t-foreach="state.weeksForMonth" t-as="week" t-key="week">
                        <option t-att-value="week" t-att-selected="state.selectedWeek === week" class="text-gray-700 dark:bg-gray-900 dark:text-gray-400">
                            <t t-esc="week"/>
                        </option>
                    </t>
                </select>
                <span class="select-arrow">
                    <svg class="stroke-current" width="20" height="20" viewBox="0 0 20 20" fill="none" xmlns="http://www.w3.org/2000/svg">
                        <path d="M4.79175 7.396L10.0001 12.6043L15.2084 7.396" stroke="" stroke-width="1.5" stroke-linecap="round" stroke-linejoin="round"></path>
                    </svg>
                </span>
            </div>
                    <div class="flex-1 min-w-40 relative z-20 bg-transparent">
                <label for="department-filter" class="block text-sm font-medium text-gray-700 dark:text-gray-300 mb-1">Département</label>
                <select id="department-filter" class="h-11 w-full appearance-none rounded-lg border border-gray-300 bg-transparent bg-none px-4 py-2.5 pr-11 text-sm text-gray-800 placeholder:text-gray-400 focus:ring-3 focus:outline-hidden dark:border-gray-700 dark:bg-gray-900 dark:text-white/90 dark:placeholder:text-white/30" t-on-change="onDepartmentChange">
                    <option value="" class="text-gray-700 dark:bg-gray-900 dark:text-gray-400">Tous</option>
                    <t t-foreach="state.availableDepartments" t-as="dept" t-key="dept.id">
                        <option t-att-value="dept.id" t-att-selected="state.selectedDepartmentId === dept.id" class="text-gray-700 dark:bg-gray-900 dark:text-gray-400">
                            <t t-esc="dept.name"/>
                        </option>
                    </t>
                </select>
                <span class="select-arrow">
                    <svg class="stroke-current" width="20" height="20" viewBox="0 0 20 20" fill="none" xmlns="http://www.w3.org/2000/svg">
                        <path d="M4.79175 7.396L10.0001 12.6043L15.2084 7.396" stroke="" stroke-width="1.5" stroke-linecap="round" stroke-linejoin="round"></path>
                    </svg>
                </span>
            </div>
                    <div class="flex-1 min-w-40 relative z-20 bg-transparent">
                <label for="responsible-filter" class="block text-sm font-medium text-gray-700 dark:text-gray-300 mb-1">Responsable</label>
                <select id="responsible-filter" class="h-11 w-full appearance-none rounded-lg border border-gray-300 bg-transparent bg-none px-4 py-2.5 pr-11 text-sm text-gray-800 placeholder:text-gray-400 focus:ring-3 focus:outline-hidden dark:border-gray-700 dark:bg-gray-900 dark:text-white/90 dark:placeholder:text-white/30" t-on-change="onResponsibleChange">
                    <option value="" class="text-gray-700 dark:bg-gray-900 dark:text-gray-400">Tous</option>
                    <t t-foreach="state.employeesForDepartment" t-as="emp" t-key="emp.id">
                        <option t-att-value="emp.id" t-att-selected="state.selectedResponsibleId === emp.id" class="text-gray-700 dark:bg-gray-900 dark:text-gray-400">
                            <t t-esc="emp.name"/>
                        </option>
                    </t>
                </select>
                <span class="select-arrow">
                    <svg class="stroke-current" width="20" height="20" viewBox="0 0 20 20" fill="none" xmlns="http://www.w3.org/2000/svg">
                        <path d="M4.79175 7.396L10.0001 12.6043L15.2084 7.396" stroke="" stroke-width="1.5" stroke-linecap="round" stroke-linejoin="round"></path>
                    </svg>
                </span>
            </div>
                     <!-- Boutons d'action -->
            <div class="w-full md:w-auto flex-none flex items-end">
                <div class="flex items-center gap-2">
                    <button type="button" class="flex-1 w-full md:w-auto px-4 py-2.5 rounded-lg text-sm font-semibold text-white bg-blue-600 hover:bg-blue-700 transition-colors duration-200 ease-in-out" t-on-click="onApplyFilters" t-att-disabled="state.loading">
                        <i class="fa fa-search"></i>
                        <span t-if="state.loading"> Chargement...</span>
                        <span t-else=""> Appliquer</span>
                    </button>
                    <button type="button" class="flex-1 w-full md:w-auto p-2.5 rounded-lg text-sm text-gray-700 dark:text-gray-300 border border-gray-300 dark:border-gray-700 hover:bg-gray-200 dark:hover:bg-gray-700 transition-colors duration-200 ease-in-out" t-on-click="onResetFilters" t-att-disabled="state.loading">
                        <i class="fa fa-refresh"></i>
                    </button>
                </div>
            </div>
                </div>
            </header>

            <main class="p-6 space-y-6 " style="background-color: #F2F2F2; padding-bottom: 60px;">
                 <section>
                     <div class="mt-3 grid grid-cols-1 gap-6 sm:grid-cols-2 lg:grid-cols-4">
                        <!-- total des taches -->
            <article class="kpi-card">
                <div class="kpi-icon-container">
                    <i class="fa fa-tasks fa-2x"></i>
                </div>
                <div>
                    <h3 class="kpi-value" t-esc="state.totalTasks">
                    </h3>
                    <p class="kpi-label">
                        Total Tâches
                    </p>
                </div>
            </article>
                        <div class="bg-white rounded-2xl border border-gray-200 p-4"></div>
                        <div class="bg-white rounded-2xl border border-gray-200 p-4"></div>
                        <div class="bg-white rounded-2xl border border-gray-200 p-4"></div>
                    </div>
                </section>

                <div class="grid grid-cols-1 gap-6 lg:grid-cols-3 lg:gap-8">
                    <!-- First column: Bar chart (takes 2 out of 3 columns on large screens) -->
                    <div class="lg:col-span-2 rounded-xl border border-gray-200 bg-white p-6 dark:border-gray-800 dark:bg-white/30">
                        <div class="flex items-center justify-between gap-5">
                            <div>
                                <h3 class="text-lg font-semibold text-gray-800 dark:text-white/90">
                                    Delivery Statistics
                                </h3>
                                <p class="text-sm text-gray-500 dark:text-gray-400">
                                    Total number of deliveries 70.5K
                                </p>
                            </div>
                        </div>
                        <!-- Placeholder for the Bar chart -->
                         <t t-if="state.isLoadingBarChart">
                                <div class="mt-4 h-96 w-full flex items-center justify-center">
                                    <div class="animate-spin rounded-full h-12 w-12 border-b-2 border-blue-500"></div>
                                </div>
                         </t>
                        <t t-else="">
                        <div class="mt-4 h-96 w-full flex items-center justify-center bg-gray-50 rounded-lg dark:bg-gray-900">
                            <p class="text-gray-400 dark:text-gray-500 text-sm">
                                Espace pour votre diagramme en barres
                            </p>
                        </div>
                        </t>
                    </div>

                    <!-- Second column: Pie chart + KPI (takes 1 out of 3 columns on large screens) -->
                    <div class="rounded-xl border border-gray-200 bg-white p-6 dark:border-gray-800 dark:bg-white/30 flex flex-col justify-between">
                        <div>
                            <h3 class="text-lg font-semibold text-gray-800 dark:text-white/90">
                                Delivery Composition
                            </h3>
                            <p class="text-sm text-gray-500 dark:text-gray-400">
                                Breakdown by delivery type
                            </p>
                        </div>
                        <!-- Placeholder for the Pie chart -->
                        <div class="mt-4 flex-1 flex items-center justify-center bg-gray-50 rounded-lg dark:bg-gray-900">
                            <p class="text-gray-400 dark:text-gray-500 text-sm">
                                Espace pour votre diagramme circulaire
                            </p>
                        </div>
                        <!-- Placeholder for the KPI card -->
                        <div class="mt-4 flex-none rounded-lg p-4 text-center bg-gray-50 dark:bg-gray-900">
                            <p class="text-xs text-gray-400 dark:text-gray-500">
                                On Time Delivery Rate
                            </p>
                            <h4 class="text-3xl font-bold text-green-500 dark:text-green-400">
                                98.5%
                            </h4>
                        </div>
                    </div>

                    <!-- Third section: AG-Grid table (takes full width on large screens) -->
                    <div class="lg:col-span-3 rounded-xl border border-gray-200 bg-white p-6 dark:border-gray-800 dark:bg-white/30">
                        <div class="flex items-center justify-between gap-5">
                            <div>
                                <h3 class="text-lg font-semibold text-gray-800 dark:text-white/90">
                                    Detailed Data
                                </h3>
                                <p class="text-sm text-gray-500 dark:text-gray-400">
                                    Detailed view of all deliveries
                                </p>
                            </div>
                        </div>
                        <!-- Placeholder for the AG-Grid table -->
                        <t t-if="state.isLoadingBarChart">
                                <div class="mt-4 h-96 w-full flex items-center justify-center">
                                    <div class="animate-spin rounded-full h-12 w-12 border-b-2 border-blue-500"></div>
                                </div>
                        </t>
                        <t t-else="">
                        <div id="myGrid" class="ag-theme-alpine mt-4 h-96 w-full">
                            <p class="text-gray-400 dark:text-gray-500 text-sm">
                                Espace pour votre table AG-Grid
                            </p>
                        </div>
                        </t>
                    </div>
                </div>
            </main>
            </t>
        </div>
    </t>
</templates>
