<templates id="project_management_dashboard_templates" xml:space="preserve">
    <t t-name="qc_dashboard.ProjectManagementDashboard" owl="1">
        <div class="qctracker_dashboard_container3">
            <div class="qc_dashboard_flex">
                <main class="qc_dashboard_content">
                        <header class="qc_dashboard_header">
                        <div class="qc_filter_container">
                            <!-- Section 2 : project type  -->
                                <div class="qc_filter_section">
                                    <label class="qc_filter_label">Project Type</label>
                                    <select 
                                        class="qc_filter_select"
                                    t-model="state.selectedProjectType"
                                    t-on-change="onProjectTypeChange"
                                    >
                                        <option value="">Tous</option>
                                        <option 
                                         t-foreach="state.projectTypes" 
                                        t-as="type" 
                                        t-key="type.id"
                                        t-att-value="type.id"
                                        t-esc="type.name"
                                        />
                                    </select>
                                </div>

                                <!-- Section 3 : Clients-->
                                <div class="qc_filter_section">
                                    <label class="qc_filter_label">Clients</label>
                                    <select 
                                        class="qc_filter_select"
                                        t-model="state.selectedPartnerId"
                                    t-on-change="onPartnerChange"
                                    >
                                        <option value="">Tous</option>
                                        <option 
                                        t-foreach="state.availablePartners" 
                                        t-as="partner" 
                                        t-key="partner.id"
                                        t-att-value="partner.id"
                                        t-esc="partner.name"
                                        />
                                    </select>
                                </div>

                            <!-- Section 4 : Projet -->
                            <div class="qc_filter_section">
                                <label class="qc_filter_label">Projet Manager</label>
                                <select 
                                    class="qc_filter_select"
                                    t-model="state.selectedProjectManagerId"
                                    t-on-change="onProjectManagerChange"
                        
                                >
                                    <option value="">Tous</option>
                                    <option 
                                     t-foreach="state.availableProjectManagers" 
                                        t-as="manager" 
                                        t-key="manager.id"
                                        t-att-value="manager.id"
                                        t-esc="manager.name"
                                    />
                                </select>
                            </div>

                             <!-- Section 1 : Dates -->
                            <div class="qc_filter_section">
                                <label class="qc_filter_label">Departements</label>
                                <select 
                                    class="qc_filter_select"
                                    t-model="state.selectedDepartmentId"
                                    t-on-change="onDepartmentChange"
                        
                                >
                                    <option value="">Tous</option>
                                    <option
                                    t-foreach="state.availableDepartments" 
                                        t-as="department" 
                                        t-key="department.id"
                                        t-att-value="department.id"
                                        t-esc="department.name"
                                    />
                                </select>
                                
                            </div>
                        </div>

                        
                        <!-- Profile utilisateur à droite -->
                        <div class="header_right">
                            <div class="qc_button_group">
                                <button class="qc_apply_btn"  t-on-click="onApplyFilters"
                                    t-att-disabled="state.loading">
                                    <svg xmlns="http://www.w3.org/2000/svg" class="h-5 w-5" viewBox="0 0 20 20" fill="currentColor">
                                        <path fill-rule="evenodd" d="M16.707 5.293a1 1 0 010 1.414l-8 8a1 1 0 01-1.414 0l-4-4a1 1 0 011.414-1.414L8 12.586l7.293-7.293a1 1 0 011.414 0z" clip-rule="evenodd" />
                                    </svg>
                                    Apply
                                </button>
                                <button class="qc_reset_btn"  t-on-click="onResetFilters"
                                    t-att-disabled="state.loading">
                                    <i class="fa fa-refresh"></i>
                                    Reset
                                </button>
                            </div>
                        </div>
                    </header>

                    <section class="qc_content_grid">
                        <div class="p-4">
                            <h1 class="display-5 fw-bold mb-2">Dashboard</h1>
                            <p class="fs-5 text-muted">Workprogramm Overview</p>
                        </div>
                        
                        <div class="p-4">
                            <div class="d-flex flex-wrap justify-content-between" style="gap: 1.5rem;">
                                <!-- Card 1: Projets impliqués -->
                                <article class="flex-fill d-flex align-items-center rounded border bg-white p-3 shadow-sm" style="gap: 1.25rem; min-width: 0;">
                                    <div class="bg-light text-danger d-inline-flex align-items-center justify-content-center rounded" style="height: 4rem; width: 4rem; background-color: rgba(166, 36, 36, 0.1) !important; color: #A62424 !important;">
                                        <svg xmlns="http://www.w3.org/2000/svg" style="height: 2rem; width: 2rem;" viewBox="0 0 24 24" fill="currentColor">
                                            <path d="M19 21H5a2 2 0 0 1-2-2V5a2 2 0 0 1 2-2h5l2 3h7a2 2 0 0 1 2 2v10a2 2 0 0 1-2 2z"></path>
                                        </svg>
                                    </div>
                                    <div>
                                        <h3 class="h2 font-weight-semibold text-dark mb-0">
                                            <t t-esc="state.totalProjects"/>
                                        </h3>
                                        <p class="text-muted mb-0">
                                            total des projets
                                        </p>
                                    </div>
                                </article>
                                
                                <!-- Card 2: Nombre de Tâches -->
                                <article class="kpi-card flex-fill d-flex align-items-center rounded border bg-white p-3 shadow-sm" style="gap: 1.25rem; min-width: 0; cursor: pointer;" t-on-click="onAllTasksClick">
                                    <div class="bg-light text-danger d-inline-flex align-items-center justify-content-center rounded" style="height: 4rem; width: 4rem; background-color: rgba(166, 36, 36, 0.1) !important; color: #A62424 !important;">
                                        <svg xmlns="http://www.w3.org/2000/svg" style="height: 2rem; width: 2rem;" viewBox="0 0 24 24" fill="currentColor">
                                            <path d="M19 3h-4.18C14.4 1.84 13.3 1 12 1s-2.4.84-2.82 2H5c-1.1 0-2 .9-2 2v16c0 1.1.9 2 2 2h14c1.1 0 2-.9 2-2V5c0-1.1-.9-2-2-2zm-7 0c.55 0 1 .45 1 1s-.45 1-1 1-1-.45-1-1 .45-1 1-1zm4 14H8v-2h8v2zm4-4H8v-2h12v2zm0-4H8V7h12v2z"></path>
                                        </svg>
                                    </div>
                                    <div>
                                        <h3 class="h2 font-weight-semibold text-dark mb-0">
                                             <t t-esc="state.totalDueProjects"/>
                                        </h3>
                                        <p class="text-muted mb-0">
                                            Projet dans les delais
                                        </p>
                                    </div>
                                </article>
                                
                                <!-- Card 3: Taches Valides -->
                                <article class="kpi-card flex-fill d-flex align-items-center rounded border bg-white p-3 shadow-sm" style="gap: 1.25rem; min-width: 0; cursor: pointer;" t-on-click="onTasksValidatedClick">
                                    <div class="bg-light text-danger d-inline-flex align-items-center justify-content-center rounded" style="height: 4rem; width: 4rem; background-color: rgba(166, 36, 36, 0.1) !important; color: #A62424 !important;">
                                        <svg xmlns="http://www.w3.org/2000/svg" style="height: 2rem; width: 2rem;" viewBox="0 0 24 24" fill="currentColor">
                                            <path d="M19 3h-4.18C14.4 1.84 13.3 1 12 1s-2.4.84-2.82 2H5c-1.1 0-2 .9-2 2v16c0 1.1.9 2 2 2h14c1.1 0 2-.9 2-2V5c0-1.1-.9-2-2-2zm-7 0c.55 0 1 .45 1 1s-.45 1-1 1-1-.45-1-1 .45-1 1-1zm-2 14l-4-4 1.41-1.41L10 14.17l6.59-6.59L18 9l-8 8z"></path>
                                        </svg>
                                    </div>
                                    <div>
                                        <h3 class="h2 font-weight-semibold text-dark mb-0">
                                            <t t-esc="state.totalLateProjects"/>
                                        </h3>
                                        <p class="text-muted mb-0">
                                            Projet hors delais
                                        </p>
                                    </div>
                                </article>
                                
                                <!-- Card 4: Taches à valider -->
                                <article class="kpi-card flex-fill d-flex align-items-center rounded border bg-white p-3 shadow-sm" style="gap: 1.25rem; min-width: 0; cursor: pointer;" t-on-click="onTasksToValidateClick">
                                    <div class="bg-light text-danger d-inline-flex align-items-center justify-content-center rounded" style="height: 4rem; width: 4rem; background-color: rgba(166, 36, 36, 0.1) !important; color: #A62424 !important;">
                                        <svg xmlns="http://www.w3.org/2000/svg" style="height: 2rem; width: 2rem;" viewBox="0 0 24 24" fill="currentColor">
                                            <path fill-rule="evenodd" d="M2.25 12c0-5.385 4.365-9.75 9.75-9.75s9.75 4.365 9.75 9.75-4.365 9.75-9.75 9.75S2.25 17.385 2.25 12Zm11.378-3.917c-.89-.777-2.366-.777-3.255 0a.75.75 0 0 1-.988-1.129c1.454-1.272 3.776-1.272 5.23 0 1.513 1.324 1.513 3.518 0 4.842a3.75 3.75 0 0 1-.837.552c-.676.328-1.028.774-1.028 1.152v.75a.75.75 0 0 1-1.5 0v-.75c0-1.279 1.06-2.107 1.875-2.502.373-.179.683-.386.879-.582.433-.434.433-1.159 0-1.593-.195-.196-.505-.402-.878-.582Z" clip-rule="evenodd" />
                                        </svg>
                                    </div>
                                    <div>
                                        <h3 class="h2 font-weight-semibold text-dark mb-0">
                                             <t t-esc="state.totalDepartments"/>
                                        </h3>
                                        <p class="text-muted mb-0">
                                            Departements impliques
                                        </p>
                                    </div>
                                </article>
                            </div>
                        </div>
                        <div class="p-4">
                            <div class="row">
                                <!-- Project Type Distribution Chart (4 cols) -->
                                <div class="col-md-4 mb-4 mb-md-0">
                                    <div class="bg-white border rounded shadow-sm p-4">
                                        <div class="d-flex align-items-center justify-content-between mb-4">
                                            <h3 class="h5 font-weight-semibold text-dark mb-0">
                                                Répartition des projets par type
                                            </h3>
                                        </div>
                                        <div class="d-flex justify-content-center align-items-center rounded mb-4 text-muted" style="height: 16rem;">
                                            <div t-ref="project-type-distribution-chart" class="h-100 w-100"></div>
                                        </div>
                                    </div>
                                </div>

                                <!-- Department Distribution Chart (8 cols) -->
                                <div class="col-md-8">
                                    <div class="bg-white border rounded shadow-sm p-4">
                                        <div class="d-flex align-items-center justify-content-between mb-4">
                                            <h3 class="h5 font-weight-semibold text-dark mb-0">
                                                Répartition des projets par département
                                            </h3>
                                        </div>
                                        <div class="d-flex justify-content-center align-items-center rounded mb-4 text-muted" style="height: 16rem;">
                                            <div t-ref="projects-by-department-chart" class="h-100 w-100"></div>
                                        </div>
                                    </div>
                                </div>
                            </div>
                        </div>

                 </section>
                </main>
            </div>
        </div>
    </t>
</templates>